"gene","baseMean","log2FoldChange","lfcSE","pvalue","padj"
"FLT1",32991.72841954,3.62452170236894,0.307136328321962,1.79643673627495e-33,1.12295260384547e-29
"LEP",2763.19340261248,7.18546141309515,0.607316129035329,9.4541479803637e-34,1.12295260384547e-29
"COL17A1",1233.13723388345,3.77611420468427,0.332281582135852,2.68697911221906e-31,1.11975376203209e-27
"KRT19",2166.80774292726,1.65117726814505,0.165743872189835,1.23217043090688e-24,3.85114868179945e-21
"TPBG",250.045460267678,2.15229819489854,0.221248538958557,1.27038472527046e-23,3.17646996706626e-20
"SLCO2A1",1391.51439505676,1.94679413412297,0.201995831752879,2.7738183097071e-23,5.77971275132636e-20
"DIO2",328.982838710809,4.48255867521505,0.483494453631808,7.65682315652605e-22,1.36750861575555e-18
"MUC1",104.234197429324,3.25408211161084,0.364203696715846,1.84991688907221e-20,2.89095761839759e-17
"ARNT2",103.673246987033,3.36089719808907,0.379412369010281,3.9604570976961e-20,5.50151495948852e-17
"ARHGEF4",57.5766334808278,4.41953773232987,0.501743684972271,5.01289765891335e-20,6.26712465317347e-17
"INHBA",3504.71743872136,2.56113731567238,0.295118948005523,2.24513505934799e-19,2.5516980465426e-16
"ADCY3",561.625960615655,-1.206314499338,0.145851167788535,1.02158539078449e-17,1.06432171296564e-14
"CST6",23.9047594952347,3.80251138090258,0.462826459377352,2.47924486117681e-17,2.38427071187942e-14
"EGLN3",196.56501765534,3.69563350715963,0.464775518517329,7.56893945826748e-17,6.75906293623286e-14
"NR2F1",344.544334605266,-1.55451808193397,0.196944110416107,1.58851002760944e-16,1.32397015767821e-13
"NPNT",130.797851969708,2.57070783370644,0.332200768042847,3.91013414025672e-16,3.0552810638431e-13
"LAMA2",3010.66734359319,-1.11447912196617,0.144768316175756,1.01269397138895e-15,7.03372223905816e-13
"APLN",370.815142072577,-1.84174950418141,0.242393423505562,1.70344823217185e-15,1.12086893676908e-12
"SLC35F2",169.972942451168,1.34365830055941,0.178927610259421,3.73831221107842e-15,2.33681896314512e-12
"HEYL",294.075516380136,-1.47510731646975,0.199487456910183,7.07539021949145e-15,4.09169440729392e-12
"TRPC6",282.75135742565,-1.20355673184134,0.162150269666844,7.2002301200181e-15,4.09169440729392e-12
"SLC45A4",383.783191707921,-1.51451196173806,0.209012062891029,2.6176553512834e-14,1.42286640007587e-11
"SH3BP5",778.065859072409,2.22506991877046,0.311549308772323,4.62978160134246e-14,2.41173039916598e-11
"RASEF",158.309015184671,2.41736954290171,0.340483406156152,5.16951440965817e-14,2.58517076598186e-11
"C12orf75",76.725819506402,2.84794911743879,0.400603376114445,5.8872997831349e-14,2.83088545725971e-11
"SLC22A3",201.185989376403,-1.3454290067962,0.188397513237531,6.13265514148804e-14,2.83964646588457e-11
"INHA",448.339085443598,2.53362786648072,0.359568675155903,7.62988527886437e-14,3.40674377701294e-11
"TREM1",119.085067551289,3.06979540238932,0.44168387766359,1.41607322159534e-13,6.10474048840861e-11
"PADI1",42.8899424169766,3.90483562278695,0.563173903614761,1.5342376500897e-13,6.3936797004738e-11
"WDR86-AS1",67.1167167205823,2.65276543868833,0.38406977008224,2.30072105968375e-13,9.27858538327943e-11
"NTRK2",82.0109719064327,2.98338434173089,0.440071061575193,3.17899701373033e-13,1.24199439580177e-10
"GJC1",611.298868862806,-1.12214894268368,0.16303178256819,4.17685889608435e-13,1.58239666420747e-10
"TNFAIP2",733.920408798924,1.75606171022326,0.257893979154138,4.56926790671197e-13,1.6801466873445e-10
"ADAMTS9",411.321669022534,-1.18169877267174,0.173665446746647,6.68582917119015e-13,2.38817817994912e-10
"CD34",1231.66449542614,-1.10717022935134,0.163185896932253,8.0749475681597e-13,2.72845931073331e-10
"HTRA4",1942.45057617784,4.22707555500927,0.633609969094486,9.26273882747245e-13,3.04744107423843e-10
"NOG",64.4171693856808,3.62583152701766,0.544681445609359,1.20606638298847e-12,3.86621587695431e-10
"C7",1766.74880414141,-1.72779813854727,0.259045951450632,1.5316779864547e-12,4.78725954666416e-10
"LIMCH1",1842.81710293702,1.221431051212,0.186951869644762,4.17975629023943e-12,1.2441741223946e-09
"FSTL3",3853.42990117075,4.16595292609877,0.647697178313995,4.493836561457e-12,1.30655685328687e-09
"RASL12",83.2950365000277,-1.47631196509861,0.226577618096686,4.89202399609518e-12,1.39000190907232e-09
"CSPG4",803.2880601216,-1.27724255872809,0.196844330535991,5.13420243916146e-12,1.42639553098659e-09
"HPCAL1",309.479116942423,1.62693163693836,0.252702468351187,5.90453657797086e-12,1.5430314740674e-09
"SORBS2",369.171152452614,-1.01274855290776,0.156301128259582,5.92429297354304e-12,1.5430314740674e-09
"ENG",3186.77819093004,1.80201127902526,0.28082818131253,6.68450038941727e-12,1.70550252792846e-09
"HK2",206.577568808468,2.89462923496111,0.457212675238663,9.55191345003894e-12,2.38836043904774e-09
"STAB2",55.6621935208663,3.68399613153547,0.583278977655489,9.99712248523499e-12,2.45066716294917e-09
"EBF1",236.171402690682,-1.14963847830887,0.179980569077084,1.04458447577265e-11,2.51142213771339e-09
"PAPPA2",58977.5403089867,2.66042605366046,0.421647875434749,1.11190747839004e-11,2.62284288581741e-09
"MYO7B",263.794908683159,2.90948956635971,0.462195402948163,1.20655881942646e-11,2.79340710379068e-09
"CCSAP",2618.7046822463,1.62609719179048,0.257392636473664,1.40002292543875e-11,3.18237938433369e-09
"NEK11",161.936809044653,1.71529467097111,0.27255437156695,1.49661254260895e-11,3.34118750137449e-09
"SLC12A8",66.7475731398187,2.60157445285438,0.416638570076937,1.9956617699937e-11,4.37715148218617e-09
"ATP11A",684.589985288594,1.05270695837503,0.167861167674005,2.43224210214941e-11,5.15387979001219e-09
"MRI1",211.070808712572,-1.24326391443087,0.199073214122916,2.42006775380295e-11,5.15387979001219e-09
"BMP6",123.803218077292,-1.23515949628337,0.197241418158459,2.78737536248126e-11,5.74459774415585e-09
"SYDE1",1250.88855611498,1.35007603925274,0.2171662170211,2.80291523271082e-11,5.74459774415585e-09
"SPAG4",32.5779573408363,2.4183460635379,0.390413758313737,3.17473579362638e-11,6.40170111159951e-09
"AFAP1L2",225.378190308994,-1.27951617851251,0.208684739557579,5.23326491974291e-11,1.02228559416603e-08
"KL",323.908949577213,-1.41191044953297,0.23040145061155,5.85426944666335e-11,1.12600117880285e-08
"GAPDH",2839.74151690067,1.198481113509,0.1974362966892,7.58735407767319e-11,1.41577762207568e-08
"SASH1",1422.67767045699,1.44396673162427,0.240321049894718,1.03045146101655e-10,1.89451531847485e-08
"NDRG1",1453.56150433985,1.6768153533938,0.282808514450483,1.49083298944872e-10,2.62512592029407e-08
"CELSR1",52.3404789762609,2.1007738274983,0.357424285447992,1.63895593369784e-10,2.77894922612948e-08
"HIGD1B",46.5414907933534,-1.89544165559678,0.317542545169342,1.64487476190675e-10,2.77894922612948e-08
"EGFL6",1269.11715966373,-1.08111999488042,0.181745843096299,1.94733105015523e-10,3.24607103853875e-08
"EGFLAM",272.045717986976,-1.11862018879096,0.188707023205662,2.01406304839467e-10,3.31313371460923e-08
"ANKRD37",27.7704592100346,2.32881213340774,0.39658412474628,2.31911789544372e-10,3.76540414660225e-08
"NGFR",126.171114451359,-1.82251354333447,0.311994156614936,2.95569388434427e-10,4.73744678744514e-08
"ADAMTSL3",252.107223371911,-1.3304061660882,0.228784618178601,3.07802348823079e-10,4.87106957593181e-08
"MYCNUT",27.4917253193105,2.98659784213719,0.517755422160731,3.29313590443706e-10,5.08281297250273e-08
"ADGRA2",797.583332257949,-1.24541131738944,0.2150977875595,4.30558196568069e-10,6.56443728474878e-08
"C5orf46",20.8485641261223,3.11154649918266,0.541778722898617,4.69361919696572e-10,6.98566990481732e-08
"QSOX1",3175.51367583109,1.84638139145795,0.321071409123338,5.03344346811978e-10,7.40330708687453e-08
"FLNB",3208.96352869496,1.5640348008458,0.273261126816335,5.24266688040938e-10,7.53377256768714e-08
"LRRC1",540.408823761761,1.20496432869703,0.209418468224408,5.20287516973856e-10,7.53377256768714e-08
"SLC6A8",290.873858926062,1.41546956723387,0.248758277987367,6.36592057390049e-10,9.04394761532999e-08
"QPCT",37.8871038733276,2.41907453632893,0.427097593591783,6.64226862091312e-10,9.33052160659054e-08
"PEAK1",838.288909317656,-1.00838547445003,0.176021914972189,7.13515609908856e-10,9.91152461675613e-08
"KIF12",17.0691533620536,2.86613145036037,0.513114547308143,1.03334706082022e-09,1.40422879938852e-07
"BIN2",184.632640049368,1.43015784574747,0.254927416605592,1.12211703030435e-09,1.47670601188052e-07
"VWCE",127.518144885178,1.95278753317827,0.350770033933705,1.12190271453608e-09,1.47670601188052e-07
"SIGLEC6",2265.17697080128,2.12242205678853,0.381552637503812,1.15724708901996e-09,1.50707324030495e-07
"KIF2A",1369.2980365877,1.26111284662353,0.227636202988183,1.45428069988886e-09,1.85524666428679e-07
"LAMC3",1372.56284381787,-1.21816309122994,0.219312735707543,1.72146799379705e-09,2.14184291410658e-07
"SH3PXD2A",2422.78683230465,1.27667506826823,0.230644456488487,1.89945394627551e-09,2.30553138216858e-07
"HPGD",2878.34508168054,1.5317336544561,0.279602395979012,2.1525261453412e-09,2.5875847951015e-07
"TBX5-AS1",86.0590147320712,-1.12760102981362,0.206342177705493,2.70821435112444e-09,3.19415998280734e-07
"HCAR1",27.9899996549685,2.37584040579063,0.440202021361858,2.7899852018207e-09,3.25984999936097e-07
"COX4I2",108.144494205162,-1.39448858903305,0.254244924718631,2.90285777162006e-09,3.36032665377722e-07
"DACH1",98.7464965258413,-1.35703793578964,0.250169176482031,3.03645094139215e-09,3.48272565773254e-07
"GUCY1A2",1378.69204373736,-1.0579092330143,0.193967731914345,3.45821787420102e-09,3.93042180575102e-07
"MOCS1",245.288240272562,-1.10218479076292,0.203504392262072,3.57940379605268e-09,4.03150506831087e-07
"TLE6",60.5498190480751,1.81352239775958,0.337749281424307,3.62392292566706e-09,4.04520396577586e-07
"HEXB",2938.59877147775,1.94781719399939,0.363110748161407,3.88505709036944e-09,4.29831714546891e-07
"ERRFI1",1474.05815452056,1.49108130887569,0.277996683125414,4.13215661327594e-09,4.53159841922595e-07
"JAG1",1043.50954535159,-1.10677097270224,0.204756881470512,4.37595715770534e-09,4.71622555048553e-07
"APOLD1",346.51862319036,-1.35088424602971,0.250860280720653,4.55682852289734e-09,4.86918548660364e-07
"SPON1",228.644292444777,-1.06247687735976,0.19759450497866,4.93220100115346e-09,5.22562516240853e-07
"AMZ1",30.8634496631725,3.17265723150686,0.601378123367477,5.77913998171664e-09,6.07149647490937e-07
"PIPOX",55.9191789063648,3.27293238365431,0.625192114393212,6.6154824815673e-09,6.89223016537953e-07
"PIK3AP1",760.739873827949,1.08052366167126,0.203942650733534,7.44433749025606e-09,7.62861535271977e-07
"TRIM71",14.8704105917852,3.45730146853707,0.661646151584598,7.41485437535901e-09,7.62861535271977e-07
"RHOF",29.8281312889679,1.71728367567589,0.326286415620503,7.95413618488457e-09,8.08476508808349e-07
"FHOD3",54.2434050772192,2.2010921772169,0.424748912927289,8.55976148809736e-09,8.63017242937042e-07
"COL5A3",558.129652841905,-1.67810417171221,0.322339695116246,9.54693923712451e-09,9.54846674740245e-07
"PLA2G5",167.778244607591,-1.3969784209004,0.267650619859914,9.94114662987074e-09,9.8638266005273e-07
"CCDC3",99.2771545548522,-1.57461455237078,0.303517176522846,1.04462784204272e-08,1.02834151820615e-06
"INMT",125.363327281189,-1.17970103889457,0.224618399885016,1.06804883724566e-08,1.04318332525353e-06
"PPP1R1C",17.6171016695257,3.22861918718182,0.631937735066661,1.26976479173242e-08,1.22112303278759e-06
"HMGB3",1250.87725481969,1.12707987162558,0.217556023358714,1.33103782647236e-08,1.27027747378301e-06
"SLC16A1",400.931624330407,1.35727521953881,0.263439472099943,1.36092502412464e-08,1.28896095845502e-06
"MACC1",28.2691300143408,2.0340366119363,0.400201716974963,1.48215104886332e-08,1.39322198593152e-06
"HCAR2",15.5680415548377,2.58796034166335,0.505206557657653,1.56696917020233e-08,1.46195884819921e-06
"FAM43A",246.855409537373,1.13757672051112,0.221162596732084,1.63288569831621e-08,1.51217311113698e-06
"TBX5",309.176860170474,-1.12078578046624,0.219525449101593,1.93812483725763e-08,1.76864501572225e-06
"COLEC10",57.8569737501523,-1.71910893522557,0.339824424982029,2.30081620375897e-08,2.06941037261832e-06
"TNS2",525.943159675612,-1.07252385407125,0.210944043024866,2.35685862885819e-08,2.08974798425426e-06
"CXCR6",65.5363736196824,1.7849706151155,0.356056103587374,2.48504776590122e-08,2.15750466453452e-06
"PHYHIP",69.0374927165032,1.78277738442276,0.356664860129683,2.55098663178633e-08,2.19947826693743e-06
"LIPG",1177.09658053523,-1.08242488870661,0.213340279693815,2.68508471943679e-08,2.29924172345197e-06
"FOXF1",117.174237993361,-1.15614552125251,0.23021409914857,2.84757309920784e-08,2.42179312151677e-06
"MID1",189.497492933414,1.14296932837842,0.229927799992599,3.9507319741152e-08,3.22823863662668e-06
"GLRX",894.022053193515,1.19123060328337,0.240089404015611,4.08850223841554e-08,3.31912045355007e-06
"ANXA4",1074.01473732618,1.1214333495748,0.227197347572092,4.1585341147587e-08,3.33269189119957e-06
"TET3",734.633516114702,1.29127724059649,0.261702299735205,4.15031187094959e-08,3.33269189119957e-06
"SFXN3",416.896233073713,1.28538681291051,0.261540351531033,4.43422972189457e-08,3.53100254669592e-06
"ADAM28",64.1887673984646,1.67818764509246,0.345351188049147,4.74311723498362e-08,3.72946236929341e-06
"DTNB",185.125472277129,-1.07994841709783,0.218162994954708,4.72137179210551e-08,3.72946236929341e-06
"GPT2",88.6248966315825,1.35769142100716,0.279612610727609,5.87590713975415e-08,4.56276963113083e-06
"GALNT3",63.1376527922516,2.05635839902946,0.425345504004303,6.01744519373985e-08,4.64383332173676e-06
"RIMS3",111.222416172394,-1.23387001334771,0.254519139076268,6.33249797424736e-08,4.82737132158783e-06
"GPRC5A",85.5911109792467,2.12708900455215,0.444845943076035,7.46340170180082e-08,5.59526369855882e-06
"P2RY1",178.842187966027,-1.09233623363973,0.223463370519908,7.47407644904274e-08,5.59526369855882e-06
"GUCA2A",47.7762135012378,1.51824012635525,0.3155855811177,7.61004672946007e-08,5.66314310783987e-06
"GALNT2",570.315398765368,1.11926192334577,0.231430524915867,7.85130476236736e-08,5.80810722716667e-06
"RASGRF1",41.9760033377257,1.6367448839944,0.345067140613566,8.12299009780818e-08,5.97374248251752e-06
"CD22",24.4735179991193,2.69984270508953,0.56875677372298,8.54718275360083e-08,6.21260923171614e-06
"DGKG",184.956877388989,-1.56416540206671,0.327874543148161,8.96716076790784e-08,6.48019907054242e-06
"PLIN2",2646.47811225354,1.62473748465783,0.339630951278986,9.2483092907342e-08,6.64496337659534e-06
"LDHA",756.664440415318,1.24494118785422,0.261776487189791,1.04181439877544e-07,7.35862351044667e-06
"IFITM2",173.682731357577,-1.02060089690871,0.211354580491343,1.05393308544697e-07,7.40239968216742e-06
"CX3CR1",45.2255681319515,-1.66053145946078,0.353144636961916,1.09630290955797e-07,7.61443276405206e-06
"DNAH11",246.112593672015,2.11080160229874,0.452100416196364,1.23141928680161e-07,8.50563752684738e-06
"ASCL2",43.1661918793892,3.0660903647588,0.658363451014579,1.24572743528641e-07,8.55718922854432e-06
"KRT17",19.0781615727607,2.14275942190674,0.462703060949271,1.26878877298414e-07,8.6208680651346e-06
"EGFR-AS1",65.7672404444977,3.74440090966348,0.814955411965943,1.44476587480382e-07,9.7539914887518e-06
"MEOX2",271.58836214422,-1.07010436087127,0.226042067204902,1.45116174764664e-07,9.7539914887518e-06
"ZC2HC1A",130.917347562789,-1.0837218870942,0.228793616180957,1.56132160647853e-07,1.03827886830822e-05
"BHLHE40",589.634340199683,1.43388068723123,0.309425451967291,1.75372283387631e-07,1.15394962469061e-05
"ITGA5",3698.46405930145,1.06548080583244,0.228375722366877,1.7457696655386e-07,1.15394962469061e-05
"HILPDA",138.442888489804,1.65874028085415,0.358668706005504,1.77200407173952e-07,1.15987407878992e-05
"AFAP1",537.905058954449,1.40270235785157,0.303336322818506,1.86755074826215e-07,1.21604788826945e-05
"SYT8",53.7222537987671,2.3431461677349,0.512810864212401,1.93284102437154e-07,1.24558651993263e-05
"AGTR1",536.226862465834,-1.07091655199916,0.229208826293903,2.02362464831221e-07,1.2854686050256e-05
"SHC3",46.6863453426136,2.71483823525956,0.600027708237955,2.02557442961161e-07,1.2854686050256e-05
"PTGER3",33.5222625679683,2.71466999129127,0.602556475775425,2.32121695906103e-07,1.45828414181814e-05
"B3GNT7",100.707219200069,2.63566965097068,0.585369561398516,2.51357663122757e-07,1.5634196539108e-05
"AFF2",475.075000077552,-1.17137925139743,0.254419760230452,2.54115827594049e-07,1.57275053296079e-05
"TRIM14",104.710819174906,1.45880354755848,0.323212617558257,3.02158026343661e-07,1.86087667258544e-05
"KCNC4",95.0330582077585,-1.21162574790412,0.2689404939925,3.23409214010291e-07,1.97232292368618e-05
"CCDC102B",238.911762334975,-1.34904338524705,0.299245274695784,3.41795528089054e-07,2.07433383115017e-05
"PTPRR",17.404567905388,2.37427323464067,0.535340969921186,3.67553972795266e-07,2.21988394583885e-05
"HEPH",24.324539444915,3.27825333955715,0.748044234179499,3.81247613088144e-07,2.26969412325142e-05
"NUAK1",87.019005295172,1.18374926525135,0.263066150597435,3.79556850376956e-07,2.26969412325142e-05
"RASGEF1A",14.4703001899835,1.9528754660746,0.437064115926291,3.89152901580501e-07,2.30577705002816e-05
"TMEM45A",145.969009164131,2.1023670178631,0.47533551744096,3.97485113082977e-07,2.34403720932235e-05
"TUBA4A",66.4384313172711,1.62140149814674,0.36562785726481,4.40575639370166e-07,2.56189611321201e-05
"FN1",118141.646322369,2.5522864414855,0.583244973375434,4.48264356513217e-07,2.58258109913744e-05
"ANOS1",27.2802782872798,2.23098848499969,0.509595505481934,4.57135385551251e-07,2.62160852759713e-05
"CCND1",716.692287939993,-1.00074673705785,0.222240472616471,4.66353360074345e-07,2.66226014047921e-05
"FAT2",296.010854021263,3.11198981111612,0.721381791871506,5.24056607305567e-07,2.96459534141819e-05
"ARHGAP6",59.2081469257402,-1.06433496243179,0.241157396104479,5.69574330426327e-07,3.19319205335872e-05
"CITED2",455.237339234555,1.51357255882813,0.346330076173284,5.79901015436518e-07,3.22118213774879e-05
"LAMC2",110.057801426322,1.10096191097105,0.249269921749172,5.77952049846848e-07,3.22118213774879e-05
"NRIP1",1307.42442857489,1.74536696973012,0.399274643794944,5.82296563054893e-07,3.22118213774879e-05
"HSD17B1",1876.32544801873,-1.53523495735075,0.351667490062969,6.64813689753266e-07,3.64539506548041e-05
"ARMS2",141.225959297791,3.48648978991361,0.81970866956273,6.74569982648716e-07,3.68273970439924e-05
"AOC3",132.057850654225,-1.3532634971293,0.310142260384767,7.24723853576257e-07,3.88346893918489e-05
"LY6K",32.9987489671064,1.85896596209445,0.431300900289871,7.18626459355109e-07,3.88346893918489e-05
"SERTAD4",70.7829940337633,1.10449560308028,0.252574244117407,7.14972264115054e-07,3.88346893918489e-05
"DLL4",182.633019142225,-1.10017593349102,0.252239746012197,7.5074324713228e-07,3.96024982094842e-05
"PIK3CB",700.835992323214,1.06536868096781,0.244543001747606,7.44518284874545e-07,3.96024982094842e-05
"PKD1L2",106.970827675855,2.27283462835819,0.537428081095937,7.75001189222677e-07,4.05400203667862e-05
"HTRA1",5940.43302381162,1.89634940248074,0.441334813203983,8.13362079854707e-07,4.23693863430981e-05
"PNCK",28.5750543217601,2.19194000890625,0.522050574817533,8.46923898910471e-07,4.38824050437868e-05
"RASSF8",506.390354946566,1.21920699310961,0.282388039118969,8.84324225424606e-07,4.54972076800758e-05
"GALNT6",189.388600386033,1.43844910607778,0.339503803449967,1.07702460852276e-06,5.40761512279181e-05
"CLNK",15.9247209334108,2.33054290965796,0.559098267533411,1.11430193652389e-06,5.54012915574382e-05
"DAPP1",111.398384323892,1.08979145894627,0.254209040913129,1.11671136397972e-06,5.54012915574382e-05
"RIMKLA",25.2090872253603,1.77192976646415,0.42501741082555,1.18219861977207e-06,5.84183681596461e-05
"AFF3",257.796423606037,-1.28754720577547,0.305198904593385,1.34364270852698e-06,6.6134728905529e-05
"PLTP",1167.29742746555,-1.03319080869016,0.242760061992021,1.35833990732342e-06,6.65959432210093e-05
"PDCD1LG2",54.0474763950216,1.65420961988905,0.396302421348175,1.37850449561165e-06,6.68905932015719e-05
"TMEM100",102.285149729359,-1.21634923770121,0.286532121663478,1.38040097952372e-06,6.68905932015719e-05
"CTSH",187.030767442259,1.38859074189251,0.331364448130111,1.38624763683332e-06,6.6914548091468e-05
"ACVR1C",19.2574474613646,2.99280999615939,0.738919440871636,1.47923443260987e-06,7.05854537270556e-05
"ARRDC3",2028.7328948419,1.03929065640867,0.246576034918602,1.56277567403114e-06,7.37276282141029e-05
"APOL4",81.7282218660735,1.66924840190767,0.404915302408898,1.63730106685398e-06,7.69531501421373e-05
"PDZD7",35.3418770045697,2.15927578200586,0.533719765344908,1.6725975757066e-06,7.79106970555645e-05
"EGFEM1P",72.4197086011777,-1.59989402928599,0.390265819911181,1.68482725605374e-06,7.80137420562366e-05
"SMIM5",78.0569497450394,1.05220213365154,0.252349562125417,1.71882145728432e-06,7.92941175607695e-05
"ANKRD24",79.7084664312648,1.04117065412929,0.250237145126979,1.78780736821235e-06,8.21734107257013e-05
"CHRM5",31.7629472064198,2.02223648565632,0.500300049355019,2.00924324423798e-06,9.13438510525935e-05
"SCN4B",29.3215633056399,-1.37236085090881,0.33801712140699,2.05901272057661e-06,9.32673080893072e-05
"BCL6",621.836115727634,1.28594975897554,0.314787448804685,2.13253349816073e-06,9.59026395467822e-05
"UPK1B",69.4290874686493,2.18866393702668,0.544125730977323,2.22415420862141e-06,9.96644298071144e-05
"WFDC1",157.875323646391,-1.05247873379601,0.255376208524664,2.39294054112364e-06,0.000106844795161171
"CRH",4680.24078636411,2.51654305561026,0.631123924577098,2.42411484590904e-06,0.000107851543784893
"PTK2B",159.214743874918,1.53528359883057,0.380199943788454,2.49536698048599e-06,0.000110627936134879
"PREX2",417.722248652935,-1.04734107326025,0.255151207771207,2.57315194338299e-06,0.000113673305993548
"LTBP1",2298.52813635197,1.33892111266058,0.330859548734663,2.75155175512581e-06,0.000121126408600644
"SLC35A3",290.567058467389,1.11803686724693,0.277385693204716,3.04667102882246e-06,0.000132255143063675
"HTR1B",13.273638564134,-1.43682802317692,0.355788820563341,3.06057768571234e-06,0.000132399108051127
"MME",1066.78401547256,1.3819450628597,0.34640274707505,3.10534076986958e-06,0.000133872311396239
"BIRC7",16.5231572835825,1.83390008932352,0.459728323395577,3.15899363402528e-06,0.000135252528810219
"HAPLN3",35.8633255141604,2.08845871818314,0.530192203005854,3.15633780102674e-06,0.000135252528810219
"MATN3",26.99322132807,-1.13103549323704,0.281770440398467,3.3592504285937e-06,0.000142848125368294
"ANKRD20A5P",124.018002623174,-1.58652550262453,0.399585731983352,3.44367896039424e-06,0.000145941946992708
"CAPG",84.2279234505837,1.69665999403291,0.430233366871227,3.52730570245495e-06,0.000148980999635445
"SPTB",275.389095822566,-1.14251796644256,0.286114535850481,3.67377984832534e-06,0.000154126159945515
"SFRP1",214.74971979423,1.45416909999735,0.369216281805925,3.8010201912394e-06,0.000158930951273829
"FAM107A",84.8764405665883,-1.25312531810021,0.315221362806817,3.99823379338604e-06,0.000165516287698385
"HUNK",115.033736239795,1.55147300758287,0.397433006751233,4.04305966537146e-06,0.000166270828738401
"TENM4",29.2993672127821,2.34609197937423,0.61378222498949,4.07053091920127e-06,0.000166851729678211
"NEURL1",361.438602510306,1.10711348889583,0.280230821254336,4.21009861552761e-06,0.000171448380753505
"COASY",490.6880271803,-1.12289835525089,0.284355943486074,4.49852124948957e-06,0.000181421008584253
"CEP72",36.1561562290635,1.64681139966763,0.42794390591121,4.7830182335394e-06,0.000191657993447787
"HIF3A",493.310254000716,-1.29679177519407,0.331694302848583,4.76932954277438e-06,0.000191657993447787
"MISP",14.6310410008109,2.18410258050005,0.567615323849942,4.82530985318118e-06,0.000192734900269876
"SLC2A5",29.5132451887503,1.68174145006569,0.436444469562774,4.85099019961931e-06,0.000193143565209047
"ADRB3",17.2704757858903,-1.40067510088652,0.357714558189074,4.98341714457557e-06,0.000197160383359126
"SLC28A1",56.4174652646265,1.64631858025434,0.431893160309148,5.68036950252143e-06,0.000222620625456185
"SLC16A3",551.242213353812,1.02231814154437,0.261688646322916,5.71327685415712e-06,0.000223210585095851
"OR51E1",63.6076618268278,-1.23355933499285,0.321828494697603,5.89752110209985e-06,0.000228977667138051
"CLDN16",29.6818742162776,-2.4030401543444,0.643407284892156,5.91705022114168e-06,0.000229024649735954
"UBE2Q2",460.349336476328,1.07812947488838,0.2783876410632,6.32128677920001e-06,0.000243165314810949
"CORO2A",70.2709254754617,1.6815266888421,0.447315239144526,6.72023036479253e-06,0.000256930642264943
"INHBA-AS1",17.7696903429475,1.67441793758972,0.44607839375372,6.80895009473607e-06,0.000258876162815751
"CEMIP",126.596018344622,1.40484083114152,0.37143507804193,6.85531754489761e-06,0.00025971266650397
"BEAN1",37.3434949005968,1.43668948754496,0.384905147942096,8.06932804482237e-06,0.000297589201228228
"FAM174B",49.7647970319897,1.6403310482866,0.440802133977613,8.60558941342355e-06,0.000314743234196774
"SDC4",390.699906416478,1.17554314226625,0.312272789336085,8.60999728805766e-06,0.000314743234196774
"LZTS1",125.77024966755,-1.12834805530845,0.301759846316145,9.39230897779954e-06,0.000341344903605959
"EBI3",5902.82682281266,1.35189800978124,0.362410972775722,9.59047140971274e-06,0.00034569397850096
"NPFFR2",56.8292923118667,1.86285663794396,0.508908027269202,9.55380054214192e-06,0.00034569397850096
"PROCR",491.541190278473,1.40815451526187,0.379043145139594,9.76131430420442e-06,0.00034967321326981
"CYSLTR2",89.8031572945648,-1.04933867736456,0.278299706560955,9.80779011972582e-06,0.000350334263076606
"MGAT3",278.512199323189,1.07026404475584,0.287318487636076,1.04772069026807e-05,0.000368974762527646
"INSIG1",817.537963031698,1.37712842717954,0.377825529267018,1.20227234500847e-05,0.00041867186939064
"REPS2",190.873913695165,1.67016547894422,0.461830310266473,1.24031473053791e-05,0.000428353998927762
"IGFBP6",23.3923407563685,3.13021102467012,0.880034371444269,1.29837273748363e-05,0.000445772779779251
"WDR86",142.137039611315,1.44384390975061,0.400961665709666,1.30144828522978e-05,0.000445772779779251
"GCNT1",85.1091051815667,1.35487071258724,0.373247921826582,1.37205923120274e-05,0.000466990526933349
"ADRA2C",49.4630253283787,2.14211430453753,0.603451561067744,1.40831778525166e-05,0.000477148752065481
"TMEM132B",49.0441164978267,2.4296390673373,0.692296232218366,1.41595884470202e-05,0.000478441012877423
"AADACL3",69.8880764968413,2.94687598025766,0.846904859778738,1.47356651056465e-05,0.000492580976339017
"ACOXL",194.090272983507,-1.29928041522955,0.359193986392695,1.47225908586261e-05,0.000492580976339017
"IPMK",211.390002347259,1.234217957763,0.342733410128833,1.5373776131365e-05,0.000509820339689285
"L1CAM",31.591164179664,2.07300233334377,0.59311630327789,1.53854576728713e-05,0.000509820339689285
"VSIG10L",13.835281782218,1.50056630995544,0.423309167878103,1.72261547539724e-05,0.000556489371406107
"PLEKHG2",310.49469256843,-1.07319862325488,0.298407361065006,1.81150573391655e-05,0.000580703709882686
"RASGRF2",376.704894795008,1.35534901217201,0.384760766412672,1.91393075206821e-05,0.000607308686861846
"AIF1L",296.608271521391,1.16762545889511,0.329002823966121,2.03074791833326e-05,0.000637899760678452
"SLC19A3",693.446195974994,-1.01387357010694,0.282708632331627,2.11865520002725e-05,0.000663845296008538
"WNT4",35.1325419085865,1.97461459938607,0.574904923996935,2.1831109119949e-05,0.000680629741191027
"CD9",110.793005273749,1.29339681827615,0.369992065295883,2.22995446352863e-05,0.000691783888412778
"PYCR1",65.6283574962813,1.80122113864143,0.523804375784297,2.2521802781699e-05,0.000696949451427724
"VIT",17.0073646199805,1.89104708640426,0.563114800532763,2.37907484569408e-05,0.000725443749289449
"SHROOM1",156.186740690847,-1.08048866339674,0.307816425531594,2.48625693225304e-05,0.000747191927092009
"ESR1",24.4241335132533,1.62321287528274,0.478942044932445,2.49532751251125e-05,0.00074794140122679
"SH3PXD2B",367.846996372177,1.42223632564354,0.416737565768114,2.73276591529506e-05,0.000809598091777699
"ANKRD18A",20.3576469818343,2.11229213060521,0.63650886700359,2.78210010205197e-05,0.000822265141273137
"KCNB1",25.6197780787006,2.2017287799775,0.66257172088307,2.81421705076306e-05,0.000829795791713202
"TNFRSF8",17.6530749432783,1.9802483393392,0.590523715280332,2.82597813409243e-05,0.00083130302664526
"PRSS22",32.6228264458263,1.47394002684797,0.434115736077025,2.85254681712281e-05,0.000837148833513365
"PFKP",73.0010933379571,1.13755928950774,0.332877865429124,2.9731511984212e-05,0.000868465800996773
"GRHL3",22.7739196122117,1.77146020386335,0.53836785247566,3.29056649534928e-05,0.000947895445273197
"ZNF300P1",25.6857275379554,1.69635445718906,0.509498437339712,3.60385789392811e-05,0.00101705262731127
"CMTM4",233.454629638526,1.05411538908365,0.310292945042908,3.72428797978089e-05,0.00104396969334576
"LDB2",235.426585128406,-1.01307031608914,0.296767653704103,3.89436179267286e-05,0.00108510050509171
"SLC25A25-AS1",70.8607840873304,-1.02099813013788,0.301604416346734,3.90317173356066e-05,0.00108510050509171
"NCS1",20.5693140024331,1.54574408873094,0.468853510800889,4.0394004288534e-05,0.00111480318237363
"LETM2",28.8099855683978,1.16654706001626,0.353223107550319,4.27245468827981e-05,0.00117136466037005
"ADCY1",30.6579143842816,1.90652517296556,0.593627714439397,4.3088968698648e-05,0.00117877086798796
"CA12",21.7838529908178,1.87273006480103,0.582259624305375,4.42156656939479e-05,0.00120695251638807
"COL12A1",111.679665544262,2.28699474418881,0.71694062430287,4.44015133155587e-05,0.00120938500974099
"TUBB2A",39.2010067759512,1.33983300898352,0.405649052644013,4.53107457417108e-05,0.00123146726796276
"ESYT3",21.4610875820405,1.80163907242062,0.563405713838728,4.62162484233642e-05,0.00125063969218376
"CILP",58.1122988257919,1.87984077903596,0.589808808515255,4.97586335078969e-05,0.00133494085003375
"ADRA2A",46.8640697432762,-1.14662722384052,0.349750210771678,4.99775262317839e-05,0.00133794225471041
"RGS1",31.8673780290326,1.63938976491711,0.509884031998957,5.08824930984104e-05,0.00135925839469301
"SERPINE1",5583.07551348746,1.42037846380269,0.436126137330268,5.23374332522264e-05,0.00139217572450922
"STS",4944.7430162607,1.00832013903451,0.305508733703996,5.28551906571204e-05,0.00140007549684121
"GREB1",161.768468595703,2.86286402706856,0.929647414685998,5.42226116925169e-05,0.00143014998181402
"AVPR1A",19.1299872497128,2.53180235937761,0.805396032184386,5.59355796497283e-05,0.00146298455393494
"SLC6A11",16.1294367768811,1.37254766949792,0.427239654523134,5.58947263289718e-05,0.00146298455393494
"IL1R2",74.5685204912148,2.42224677880815,0.780000012821731,5.67241950953344e-05,0.00148051333420015
"CCNE1",189.017909636026,1.15490008989688,0.355684881099131,5.74517627626302e-05,0.0014927313432464
"CSHL1",2678.83404752313,-1.15269148325091,0.353005226241211,5.80034068656627e-05,0.00150136354582715
"LOX",32.5716313374984,1.65098600740306,0.521502818975886,5.83167930503384e-05,0.00150629763712222
"CDH23",26.8356652908466,1.44465427623628,0.462911167358182,5.99971998360429e-05,0.00154021559004149
"TNNI2",17.1088152911317,1.6654642656441,0.527554081727576,6.15684893366402e-05,0.00157731404443991
"ACKR3",339.988109240618,-1.03415072106107,0.316133381335823,6.36855864750807e-05,0.00162701551804321
"PPP2R2C",19.2111033710782,2.73078312409174,0.895738048448173,6.37688052984461e-05,0.00162701551804321
"RUNX2",39.0686902444828,-1.0528937999107,0.332333650499608,6.71062041836887e-05,0.00169830316741797
"ZNF117",1542.89347299601,-1.05177422441392,0.32356501430068,6.80946599600015e-05,0.00171291637589525
"ASAP3",362.529160857649,1.31624174357306,0.417901624493591,7.15458197005943e-05,0.00178180445796181
"SOX4",118.426376710806,1.01797950547077,0.318457126540499,7.66477274441442e-05,0.0018937744832148
"CERCAM",639.345806987106,1.06576352723662,0.336073854959699,7.69855034887596e-05,0.0018983683720246
"PRDM1",91.1241722315517,1.50085057905312,0.484875029161691,7.72121160146085e-05,0.00190020841420204
"KHDRBS3",14.6441284105987,1.73949899300666,0.568487874272744,7.78910509470838e-05,0.00191256926764389
"LYN",621.891687669814,1.00271522971526,0.315362390120728,7.99999661967316e-05,0.00194962880583146
"CGB7",140.735724614845,2.25038108780646,0.751598208898883,8.2755276987061e-05,0.00199841794603187
"LAYN",75.4349402652149,1.26786747751246,0.406892056573259,8.29610393529467e-05,0.00199841794603187
"TOX2",15.7686163478768,-1.35676152049645,0.438735359763638,8.35694275432999e-05,0.00200920189066603
"BMX",28.4399178937206,-1.24166080359159,0.403238806201433,8.45583598812664e-05,0.00202131666393039
"GLB1L2",18.2537461360872,2.49655562944586,0.833608288686871,8.43164486164045e-05,0.00202131666393039
"SLC4A7",277.845819323543,1.23856363302785,0.400088222736002,8.83892662358164e-05,0.0020889274224578
"STBD1",24.4608093166518,1.34945322131808,0.43582117090771,8.89063981502232e-05,0.00208964505849277
"YPEL4",18.080293074591,1.49934532178023,0.500469153282066,8.97817247130936e-05,0.00210591204946172
"MFAP5",1201.27410167802,1.31765206010473,0.426079900824184,9.02496099974351e-05,0.00211292251720587
"NKAIN4",11.0669024611533,1.58727667090339,0.517596726957492,9.19000383769836e-05,0.00213394655201503
"AHNAK2",167.778412091624,2.176425895335,0.737587626347934,9.41079777901797e-05,0.00217474665126216
"KDELR3",51.1884988168611,1.68827539853954,0.568032355791675,0.000107720342626098,0.00242766235675086
"LSAMP",34.7681005438292,1.86754516712557,0.638197467990118,0.000108651967897263,0.00244310594002084
"TMEM91",32.193540279212,1.30687310625888,0.433719902856205,0.000111638446350565,0.00250575198613063
"TFPI2",31152.8330350479,1.1104728554882,0.36475461879176,0.000116796318586856,0.00258898506200865
"ROS1",39.9078935290842,2.92951894461838,1.04554463600489,0.000118276851884428,0.00261253922660622
"PTPRF",4879.82076941964,1.00278017026951,0.32274499622517,0.000120680248339557,0.00264692011358096
"CTNND2",15.0520149713127,1.44149856780141,0.484658872805523,0.000122025265527541,0.00266706270913518
"CDH6",121.511533751152,-1.49760570190835,0.503284036480568,0.000123005903042956,0.00268380418820775
"CYP4F35P",24.6272426245237,-1.67113786953618,0.565121114589198,0.000123459527089016,0.00268433218724675
"LPAR2",22.3843595420603,1.46266399099288,0.497773982007575,0.000124760448123398,0.00270790819867833
"BTNL9",121.264263333889,1.41658654635731,0.482009258513763,0.000125124279004562,0.0027110983294888
"PRG2",14197.3259277555,3.09748463717435,1.11327743178337,0.000126726246010192,0.00274105800626197
"PTGES",252.521929305079,1.2117947683858,0.410423804797957,0.00013853486632704,0.00296062033986436
"NEK10",22.4963308737173,2.33163408952781,0.847898246463451,0.000139661444089097,0.00297873218288266
"EMX2OS",28.6392666223394,2.145715362969,0.761703194981373,0.000142093385111559,0.00301604669043245
"ALDOC",13.5609300858436,1.63999132594251,0.578965180844559,0.000169813786665845,0.00352074952055787
"GNG4",27.545551332741,1.97131410731059,0.714182455646067,0.000169354846404578,0.00352074952055787
"PMEPA1",48.2198813822574,1.00913231331392,0.343657430171764,0.000170513395870036,0.00352940144895231
"ZNF114",38.8136718677775,1.11240245691442,0.384440062765952,0.000175220116664692,0.00360889933861941
"TIMP3",18376.4445626603,1.99018992223568,0.702494414481127,0.000176345285976658,0.00362609994289503
"CLDN9",21.8011659235381,1.20350145647234,0.422507046551552,0.000178784288760184,0.00366641718372571
"CLDN19",130.273110279853,1.50170315074412,0.535624580863945,0.000185210931383027,0.00377733615685253
"LRRTM2",39.3952770825237,-1.03593477490341,0.36159987158092,0.000188415924545818,0.00381778912264475
"MGST1",37.2425423090569,1.99755842077909,0.736878522360144,0.000192770958601843,0.00386221558403885
"GNA14",47.76095585652,-1.12704595989518,0.390221141425755,0.000197796928917523,0.00395025112672025
"THBS2",77.0975262145437,2.3446093413387,0.885367311579608,0.000210024342215411,0.00414806370675683
"RGN",43.821184276246,-1.08354367259978,0.390043981202865,0.000211101080781021,0.00415619797153437
"PRR15",29.1288516478643,1.47068563171726,0.535197995343939,0.000217796394411073,0.00427448277480956
"SCUBE3",47.4785112452082,1.62190200233982,0.600301624049663,0.000224589445574184,0.00437354711615023
"SPX",18.2058037747395,-1.70573449251932,0.62965182469471,0.000225578469776159,0.00438597516196196
"TMEM184A",235.69232665616,1.03529571972803,0.367380729387038,0.000229163350022182,0.00444875807760454
"IFNLR1",15.472028097668,1.11128399302669,0.396130174876319,0.000230303240427739,0.00445448406029208
"C20orf202",9.89869380255247,-1.37769268695206,0.497449317592576,0.000237320450395747,0.00455058323749636
"TGM1",27.7632231026555,1.21730064329343,0.445880892550335,0.000240446667721841,0.00459642850131262
"SLC7A10",19.4685563721697,1.83728878402754,0.694461848050886,0.00024830080023457,0.00473932306035511
"F2R",111.098420197358,1.98401665651916,0.75699521187936,0.000250308864669251,0.00476928928032248
"RARRES1",13.0249365063444,2.22603910567849,0.394986804759075,0.00025719942236283,0.00486460995216353
"COL4A4",46.9617622494399,1.92430996104486,0.745103997085836,0.000261143230539972,0.00490949273415147
"KAZALD1",22.320653264266,1.01224424939459,0.366609167986507,0.000260974252428365,0.00490949273415147
"OXTR",16.6273456231957,1.94622055000682,0.750113766605269,0.000273212338317043,0.00511332433179592
"KCNIP3",29.930555106729,-1.21558202430604,0.455582028334079,0.00027365211444046,0.0051138994540129
"RRAD",94.4370634071132,1.12802717856634,0.411713133656632,0.000277486048083113,0.00515840325129851
"RFK",197.017258589007,1.01904899532486,0.366574285648742,0.000280001600678185,0.00519373888973097
"NTF4",21.6966309323151,1.30387871908488,0.497617335199097,0.000292915170483942,0.00540121749467587
"DGCR5",11.6332391545423,2.0150416818088,0.790709972338654,0.00031905305549739,0.00579767630789008
"NOS2",23.8940420722007,1.65357063290193,0.642290667633308,0.000319659836993438,0.00580027181725974
"GREM2",148.576809456402,1.1621722085828,0.43596778610701,0.000322635883665841,0.00584578814143529
"NOTUM",1632.6598176314,2.27644243141321,0.908675666384357,0.000324560279574741,0.00587214560816703
"IL2RB",533.391524638071,2.23721152965625,0.90212662429002,0.000329741148480504,0.00594439705430275
"DEPTOR",42.2613173487064,1.2203989584923,0.460514223924135,0.000335526459311872,0.00601829525726976
"SLAMF1",27.1918527641232,-1.78294401861072,0.702721062321363,0.000340934919865313,0.00610654494005179
"LEFTY2",16.7402555978339,2.06119605062421,0.829537276513402,0.000357476451902896,0.00634825369558239
"SLC25A15",43.7712399487205,1.06933494320296,0.401460478866125,0.000361050996987955,0.00640263767991973
"IL1B",27.7718788856179,1.79360594308947,0.710374529916092,0.000361632150310085,0.00640385997617093
"GLIPR1",194.190390524777,1.41611749842925,0.554640775145866,0.000373359587947346,0.00656503736781677
"SCUBE1",42.4523527034084,1.53729903781775,0.60793068575454,0.0003742305744203,0.00657111045140813
"CHRNE",12.9719091412971,1.39847219710692,0.557206205381884,0.000428720021520769,0.0073608798327436
"VIPR1",22.4342556542283,-1.22317855015376,0.491273796307217,0.000435165398071901,0.00745265452971905
"OSGIN2",73.7443455304266,1.18901979433236,0.467512617721513,0.000436788861830827,0.00747022482983448
"IL27RA",20.8422832363097,1.02527244288204,0.393965426334407,0.000438315955417035,0.00748329027362994
"MASP1",81.5141397835167,1.19737853033299,0.472074031853763,0.000438749941654995,0.00748329027362994
"ITGAD",21.1741161840001,1.87093226940858,0.801253058105698,0.000479977179461334,0.0080871626652636
"RNASE4",22.6328040170997,1.44731855009679,0.587153090541873,0.000484136741369008,0.0081245998780444
"ACE2",25.7160790377514,1.12172715971966,0.448865708773334,0.000542953867033159,0.00883829699967951
"P4HA3",32.2303704391258,1.72111467194181,0.737953786519104,0.000562945113935651,0.00904619513422045
"ZNF860",43.9282072501774,1.03461558713802,0.412605504326705,0.00056716675131894,0.00907902525606837
"MAG",13.3812309412374,2.14021055840628,0.946096356167156,0.000570320393192532,0.00910618844916096
"ABCA12",67.7830145018901,1.10427449300904,0.453612323074006,0.000577895335730702,0.00920362737236336
"GNAO1",15.0811649814767,1.62031101526174,0.709015325029877,0.000597826013572032,0.00941312446055107
"AOC1",6742.48676054569,1.82473704383006,0.790306993546075,0.000613949588722568,0.00963061199273469
"COL4A3",28.5314700136482,1.87396933926403,0.837913301560492,0.000617127374016027,0.00966577049500086
"ZNF554",400.338287088395,-1.00101242702701,0.402146398747133,0.000647107446836398,0.0100001697161294
"RXFP1",55.2139723602698,2.25259041090417,1.04309323971895,0.000659060869247736,0.010159776803126
"MARCO",17.5709993028724,2.13683416856058,0.983203692559645,0.000666825809462672,0.0102541897538774
"ALDH1L2",35.3719923824625,1.28357953952272,0.55520254475768,0.0006906578278483,0.010568670947074
"NMUR1",24.5290578362926,1.09727447443159,0.469396468336507,0.00070523813637801,0.0107523014402413
"CGB5",429.298903582446,2.02464219330924,0.939104290510411,0.000710407615497785,0.0108047640011597
"CYP4B1",26.6712097609107,1.28312184960317,0.553010970082889,0.000728393011131039,0.0110244738412705
"MGAT5B",18.8585545714404,1.2965009245502,0.579018171128799,0.000729262507337281,0.0110244738412705
"PLAC8",199.152565359096,1.88237455012805,0.871785896157494,0.000739146690275965,0.0111335083395543
"NDP",28.6958637381381,2.58635645345176,1.26235928756678,0.000752012402635475,0.011300070982871
"RET",16.0592088126708,1.53567147295422,0.70442031689655,0.000773200450071203,0.0115095753595371
"CA4",18.6897144023817,1.04563868854324,0.448107323165133,0.000813916163851888,0.0120278721991446
"GPR32",19.5276795974831,1.88255499988248,0.888982424449258,0.000836479253375558,0.0123176250008259
"ISM2",3050.39934618191,1.37961456439648,0.620579419603679,0.000889096891181681,0.012970232594578
"IL17RE",35.6511951786268,1.16350761259793,0.519045852528005,0.00089519226956412,0.0130439321143247
"GALNT12",18.8801441537203,1.07018923710149,0.475525277725292,0.000905224294330245,0.0131479736692157
"GAS1",189.512229259975,1.79298882849964,0.863721939430672,0.000903845428081019,0.0131479736692157
"NEURL2",21.1869234017842,-1.1195749501903,0.479545811877627,0.000908375988405139,0.0131746132332263
"ARHGEF28",42.4842561612341,1.46268415949087,0.695472508963919,0.000929169528606825,0.0134294536955405
"CGB8",461.013547741436,2.01203490158226,1.00073695869064,0.000936001965987156,0.0134969972073488
"MUC15",1151.7280488857,-1.10009678104,0.486744705823987,0.000992506903477386,0.0140843601671672
"CNR1",97.1601792355581,2.27589367952951,1.24057364002168,0.00113171525339413,0.015703334181946
"C10orf90",29.7948750097003,1.47278433527286,0.754885056753406,0.00117487413513144,0.0162480934042181
"LRRN3",17.2500045262297,-1.06463886490185,0.513759094962261,0.00133466317112822,0.018136911918962
"CXCL8",18.025345908745,1.38973282564976,0.699868421580536,0.00137716927871637,0.0185932724865141
"INHBB",15.4655690305351,1.08294259056789,0.520217910703873,0.00139130982033777,0.0187437019114901
"TAC3",557.604882819851,2.37124647886199,1.45990981812812,0.00147821707124872,0.0195380667368943
"SLCO4A1",171.929104076622,1.55210517930971,0.854514469688695,0.00156042051398138,0.0204062523700786
"MEP1A",31.7551559754162,2.27834208356461,1.40599673307613,0.00157224316079843,0.0205393772166165
"SERPINE2",4478.42055919309,1.50959184265655,0.803699969490415,0.00158892561436072,0.0207140229726149
"DPP10",17.0829639193556,1.49992774958035,0.856435153426718,0.00170072061158336,0.0219652986425776
"KCND2",14.718036191986,1.13827583669641,0.581670312963153,0.00169947288203897,0.0219652986425776
"HTR2B",28.3512574902513,1.52800513426143,0.859868627717953,0.001776281559567,0.0226371784482229
"SUGCT",13.3186971905965,1.40993803867691,0.828819050690767,0.00180113650551279,0.0229072315278951
"ASPN",17.6269276739172,1.62545130528753,0.924224026162311,0.00182446656347046,0.0230631759115345
"PLA2G7",75.5595759917448,1.61765365330526,0.95039710980587,0.00183663812020432,0.0231935856351459
"LAMA1",33.4509259660932,1.06174666122578,0.581810461919247,0.00195477631085376,0.0244386134382937
"SMOX",28.1712657835761,1.10985372817204,0.603840023241947,0.00211902388574157,0.0261262688555632
"SLITRK4",16.4022038555528,1.17883945426133,0.678918898819057,0.00222355974426685,0.0270681050855152
"PSCA",139.870764784237,1.00684409627202,0.553739879781665,0.00233745619967621,0.0281802096512556
"KCNQ3",22.5418142249508,1.39337109302825,0.899729015490529,0.00235730214139241,0.0283920918802389
"VTCN1",14.8978295672331,1.25225960367042,0.751863641682562,0.0023715499322774,0.028454047268073
"EPDR1",31.4097564402453,1.37156270916554,0.858062671510721,0.00248965934674833,0.0293916158196862
"OPRK1",55.1529535732487,-1.14408640134574,0.638128676651197,0.00252764437655154,0.02975575329157
"TRPC4",36.6873330677325,1.76810558539152,1.31429926192104,0.00257476710916072,0.0302535135326385
"MPZL3",16.2050028740889,1.14505140405794,0.724800113899774,0.00259935816991209,0.0304595608355358
"MXRA7",355.734014620965,1.18989202876482,0.746188300681632,0.00273491512855799,0.0316006552100111
"CP",39.2049631375754,1.05708673976554,0.647506716648837,0.00290192708848215,0.0330417964118432
"FLJ16779",16.9845960796951,1.32244834093624,1.06875758951133,0.003245854111711,0.0359953310633406
"DNASE1L3",33.0096437297845,1.33471338401664,1.03503058604935,0.00353242200943675,0.0386372178145041
"AR",15.6853739386296,1.13776051658086,0.905184149179143,0.00379942831493083,0.0407030443815469
"PDE4C",39.8062995311018,1.0298394466042,0.75213882095561,0.00387477240913698,0.0413684070529723
"PBX4",9.308112851762,1.23822863368014,0.936177414479854,0.0040265248921258,0.0426245674863309
"RGS22",18.0021589514867,1.00506045643407,0.708574429562062,0.00405398880952136,0.0428122695886338
"MLLT11",14.3539116698448,1.03023555183734,0.738832353709316,0.00417063847697115,0.0436194684155029
"DDIT4L",16.6135086870635,1.10034469628895,0.926911232472499,0.00443360456007352,0.0456205137531186
"UCHL1",17.3447212131639,1.22462935110163,1.32913574870703,0.00484404681391012,0.0490366585161979
